Date,EGIE3,ITSA4,BBDC4,BBSE3
1/5/2015,26.120001,6.85083,17.922001,29.440001
1/6/2015,26.648001,6.90296,18.5116,30.690001
1/7/2015,27.32,7.16359,19.2472,30.200001
1/8/2015,27.6,7.23806,19.346399,30.110001
1/9/2015,25.48,6.98487,18.5063,29.129999
1/12/2015,24.76,6.86573,18.177601,29.799999
1/13/2015,24.968,6.88807,18.235001,29.18
1/14/2015,26.32,6.9253,18.428101,28.68
1/15/2015,26.280001,6.91041,18.2402,29.25
1/16/2015,26.864,7.037,18.4177,30.299999
1/19/2015,25.167999,6.7168,18.031601,29.6
1/20/2015,25.639999,6.85083,17.974199,29.17
1/21/2015,25.872,7.12636,18.412399,30.35
1/22/2015,25.608,7.20082,18.6159,30.42
1/23/2015,25.4,7.1487,18.454201,30.15
1/26/2015,24.799999,7.14125,18.7516,29.969999
1/27/2015,25,7.14125,18.7829,29.58
1/28/2015,25.84,6.99232,18.3916,28.91
1/29/2015,26.136,6.94764,18.1411,29.52
1/30/2015,24.912001,6.80615,17.598499,29.790001
2/2/2015,25.24,6.87317,17.781099,29.98
2/3/2015,25.264,7.09657,18.428101,30.26
2/4/2015,24.816,7.3572,18.892401,30.190001
2/5/2015,24.552,7.3572,18.5898,30.139999
2/6/2015,24.224001,7.44656,18.6681,29.33
2/9/2015,24.639999,7.39443,18.861099,30.049999
2/10/2015,23.879999,7.29763,18.386299,29.309999
2/11/2015,24.48,7.01593,17.890699,29.49
2/12/2015,24.84,7.1055,18.6003,30.25
2/13/2015,25.455999,7.3518,19.0959,29.99
2/18/2015,25.792,7.46376,19.3046,30.290001
2/19/2015,26.08,7.44883,19.262899,31.6
2/20/2015,25.280001,7.46376,19.309799,31.84
2/23/2015,25.048,7.51601,19.4977,32
2/24/2015,25.200001,7.58318,19.711599,32.669998
2/25/2015,26,7.61304,19.8211,32.900002
2/26/2015,26.6,7.65782,19.8629,33.060001
2/27/2015,26.719999,7.53093,19.617701,32.16
3/2/2015,26.104,7.4563,19.351601,32.599998
3/3/2015,26.351999,7.47122,19.3829,32.759998
3/4/2015,25.84,7.41151,18.9811,31.76
3/5/2015,26.4,7.38166,18.9498,31.52
3/6/2015,26.056,7.22492,18.720301,30.450001
3/9/2015,25.775999,7.03833,18.182899,29.85
3/10/2015,25.48,6.86666,17.5776,29.950001
3/11/2015,25.976,7.09804,18.104601,30.540001
3/12/2015,26.256001,7.12789,17.781099,29.83
3/13/2015,26.424,7.07564,17.562,29.52
3/16/2015,26.4,7.09804,17.822901,30.1
3/17/2015,26.92,7.2697,18.521999,31.540001
3/18/2015,27.360001,7.55333,19.252399,32.669998
3/19/2015,27.48,7.56079,18.929001,32.720001
3/20/2015,28.4,7.53093,19.2211,32.700001
3/23/2015,28.48,7.52347,19.1742,32.799999
3/24/2015,28.712,7.50854,18.9916,32.860001
3/25/2015,28.4,7.56079,19.002001,32.759998
3/26/2015,27.6,7.34434,18.4177,31.719999
3/27/2015,27.368,7.20253,17.9063,31.879999
3/30/2015,28.4,7.42644,18.282,32.849998
3/31/2015,28.24,7.44883,18.501101,32.869999
4/1/2015,29.040001,7.71006,19.1022,33.450001
4/2/2015,28.959999,7.84441,19.290001,34.470001
4/6/2015,29.32,7.98622,19.4778,35.990002
4/7/2015,28.775999,7.9713,19.584299,34.799999
4/8/2015,28.48,7.95637,19.577999,33.799999
4/9/2015,28.784,7.80709,19.2274,33.950001
4/10/2015,28.639999,7.85934,19.3025,35.41
4/13/2015,28.559999,7.85188,19.3526,35.32
4/14/2015,28.888,7.81456,19.621799,34.900002
4/15/2015,28.823999,7.93398,19.8347,36.009998
4/16/2015,28.752001,7.89666,19.841,36.189999
4/17/2015,28.4,7.80709,19.252399,35.400002
4/20/2015,28.200001,7.72499,19.146,35.02
4/22/2015,28.351999,7.7847,19.3025,35.490002
4/23/2015,28.959999,7.87427,19.7971,36.5
4/24/2015,29.040001,8.1355,20.348101,36.09
4/27/2015,28.32,8.06832,19.9662,34.48
4/28/2015,28.784,8.01608,20.348101,35.029999
4/29/2015,28.32,7.97876,19.740801,34.66
4/30/2015,28.559999,7.91905,20.1478,35.189999
5/4/2015,29.6,7.99369,20.2479,35.110001
5/5/2015,30.120001,7.89815,20.316799,35.139999
5/6/2015,29.983999,7.81605,19.815901,35.950001
5/7/2015,29.719999,7.86531,19.740801,36.240002
5/8/2015,29.440001,7.97204,19.815901,37.380001
5/11/2015,29.431999,7.99667,19.7533,37.310001
5/12/2015,29.16,7.92278,19.552999,36.759998
5/13/2015,28.559999,7.775,19.3589,36.330002
5/14/2015,29.280001,7.84068,19.8034,36.290001
5/15/2015,29.112,7.92278,20.1478,36.700001
5/18/2015,29.271999,7.82426,19.634399,35.93
5/19/2015,29.256001,7.70111,19.459,35.23
5/20/2015,28.784,7.62722,18.9081,34.740002
5/21/2015,28.336,7.6108,18.682699,35.189999
5/22/2015,28.136,7.38912,18.156799,33.799999
5/25/2015,28.32,7.47122,18.344601,34.27
5/26/2015,28.040001,7.34807,17.687201,34.080002
5/27/2015,28.360001,7.5287,18.3321,34
5/28/2015,28.120001,7.48764,18.1192,34.290001
5/29/2015,27.08,7.24134,17.655899,33.330002
6/1/2015,27.879999,7.23313,17.5495,33.599998
6/2/2015,28.048,7.4548,18.138,34.650002
6/3/2015,27.608,7.2906,17.649599,34.240002
6/5/2015,27.6,7.06072,17.274,33.91
6/8/2015,27.76,7.08535,17.255199,34.599998
6/9/2015,27.68,7.10177,17.155001,33.580002
6/10/2015,27.903999,7.15103,17.781099,33.939999
6/11/2015,27.879999,7.0443,17.7561,33.57
6/12/2015,27.200001,7.02788,17.4055,33.029999
6/15/2015,27.08,7.10177,17.336599,32.799999
6/16/2015,26.959999,7.33986,17.7248,33.400002
6/17/2015,26.591999,7.22492,17.3491,33.299999
6/18/2015,27.440001,7.44659,18.0002,34.110001
6/19/2015,27.384001,7.32344,17.6371,33.860001
6/22/2015,27.32,7.36449,17.8062,34.200001
6/23/2015,27.360001,7.36449,17.9189,34.400002
6/24/2015,27.200001,7.34807,18.031601,34.41
6/25/2015,26.896,7.22492,17.969,35.439999
6/26/2015,27.4,7.38091,18.231899,34.849998
6/29/2015,27.200001,7.2906,17.7435,34.779999
6/30/2015,27.351999,7.31523,17.7999,34.02
7/1/2015,27.4,7.29881,17.7435,34.27
7/2/2015,27.559999,7.42196,18.0942,34.439999
7/3/2015,27.68,7.29881,17.8876,33.959999
7/6/2015,27.848,7.23313,17.5369,33.93
7/7/2015,28.08,7.19208,17.3804,33.799999
7/8/2015,28.48,7.19208,17.1112,33.099998
7/10/2015,28.888,7.3727,17.8437,33.650002
7/13/2015,29.32,7.38091,18.156799,33.939999
7/14/2015,29.68,7.38091,18.269501,33.799999
7/15/2015,29.559999,7.33165,18.181801,33.950001
7/16/2015,29.719999,7.33165,18.0942,33.57
7/17/2015,29.200001,7.22492,18.0441,33.060001
7/20/2015,28.656,7.24134,17.693501,32.610001
7/21/2015,29.6,7.23313,17.4681,32.849998
7/22/2015,29.544001,7.1264,17.248899,32.200001
7/23/2015,28.656,6.75694,16.5853,30.389999
7/24/2015,27.983999,6.56811,16.7355,30.43
7/27/2015,27.976,6.56811,16.967199,30.34
7/28/2015,27.624001,6.63379,17.1425,30.959999
7/29/2015,28.128,6.77336,17.286501,31.49
7/30/2015,28.48,6.68305,16.841999,31.98
7/31/2015,29,6.89651,17.205099,32.209999
8/3/2015,28.775999,6.92114,16.472601,32.02
8/4/2015,28.799999,6.73231,16.309799,31.459999
8/5/2015,28.32,6.70768,16.2409,30.809999
8/6/2015,28.08,6.56811,16.309799,30
8/7/2015,27.84,6.36286,15.8527,30.120001
8/10/2015,27.976,6.44496,16.059299,31.879999
8/11/2015,27.92,6.36286,16.3286,32.889999
8/12/2015,27.76,6.33823,15.5835,31.059999
8/13/2015,27.823999,6.22328,15.2141,30.49
8/14/2015,27.832001,6.20686,15.1327,30.17
8/17/2015,27.799999,6.16581,14.876,30.280001
8/18/2015,27.927999,6.11655,15.1766,31.200001
8/19/2015,27.992001,6.02624,14.7195,30.959999
8/20/2015,27.6,6.00982,14.6381,30.1
8/21/2015,26.775999,5.96056,14.4753,29.719999
8/24/2015,26.040001,5.83741,14.4127,29
8/25/2015,26,5.84562,14.156,28.700001
8/26/2015,26.992001,6.19044,15.0764,29.629999
8/27/2015,27.200001,6.37928,15.5021,30.25
8/28/2015,26.912001,6.17402,15.0075,29.700001
8/31/2015,26.832001,5.97698,14.4315,28.700001
9/1/2015,26.040001,5.91951,14.0183,27.77
9/2/2015,25.664,5.96056,14.2625,27.549999
9/3/2015,26.327999,6.14118,14.6193,28.469999
9/4/2015,25.6,5.9934,13.9995,27.370001
9/8/2015,25.968,6.02624,14.3251,26.6
9/9/2015,26.120001,6.09192,14.4941,25.950001
9/10/2015,26.200001,5.9113,14.1811,25.48
9/11/2015,26.448,6.0755,14.0245,26.950001
9/14/2015,27.879999,6.37107,14.6506,27.950001
9/15/2015,27.232,6.33002,14.9324,27.790001
9/16/2015,27.608,6.46138,15.4896,28.690001
9/17/2015,27.76,6.4778,15.4458,28.120001
9/18/2015,26.959999,6.19865,14.6068,26.809999
9/21/2015,26.856001,6.04266,14.156,26.200001
9/22/2015,26.552,6.11655,14.2124,25.559999
9/23/2015,26.112,5.9113,13.7303,24.91
9/24/2015,26.040001,5.87025,13.8931,25.15
9/25/2015,26.136,5.7471,13.5737,25
9/28/2015,25.76,5.76352,13.2357,24.379999
9/29/2015,26.24,5.76352,13.1543,24
9/30/2015,27.007999,5.86204,13.411,24.809999
10/1/2015,26.4,5.92772,13.5925,25.059999
10/2/2015,26.76,6.09192,14.0934,26.67
10/5/2015,26.559999,6.23149,14.5066,26.959999
10/6/2015,26.360001,6.3218,14.6444,26.98
10/7/2015,26.296,6.51885,15.1703,28.299999
10/8/2015,26.559999,6.54348,15.1828,28.26
10/9/2015,26.32,6.59274,15.02,29.290001
10/13/2015,26.280001,6.33823,14.1999,28.85
10/14/2015,26.040001,6.19044,14.1247,28.200001
10/15/2015,26.568001,6.16581,14.0746,28.209999
10/16/2015,26.944,6.05908,13.8054,28.700001
10/19/2015,27.104,6.17402,13.7866,29.16
10/20/2015,27.360001,6.09192,13.4611,28.459999
10/21/2015,27.056,6.08371,13.4798,28.440001
10/22/2015,27.16,6.17402,13.6802,28.559999
10/23/2015,26.879999,6.13297,13.4924,28.450001
10/26/2015,27,6.04266,13.3922,28.280001
10/27/2015,27.128,5.9934,13.4485,27.639999
10/28/2015,27.096001,5.95235,14.0371,28.049999
10/29/2015,26.959999,5.86204,13.173,26.57
10/30/2015,27.096001,5.9113,13.148,26.6
11/3/2015,28.879999,6.16581,13.843,28.209999
11/4/2015,28.959999,6.20686,13.555,28.15
11/5/2015,29.007999,6.30538,13.9244,29.200001
11/6/2015,28.191999,6.1576,13.724,28.540001
11/9/2015,27.976,6.03445,13.4172,27.5
11/10/2015,27.84,6.03445,13.3484,28.040001
11/11/2015,28.16,6.16581,13.6739,27.860001
11/12/2015,28.408001,6.19865,13.6677,27.959999
11/13/2015,28.167999,6.0755,13.4673,27.49
11/16/2015,28.384001,6.11655,13.58,28.120001
11/17/2015,28.280001,6.20686,14.0871,28.200001
11/18/2015,29.040001,6.26433,14.1999,28.469999
11/19/2015,29.280001,6.36286,14.6506,29.200001
11/23/2015,29.120001,6.34644,14.5066,28.5
11/24/2015,28.384001,6.37107,14.4065,28.77
11/25/2015,27.92,6.06729,13.7052,28
11/26/2015,28.056,6.18223,14.0058,28.450001
11/27/2015,27.24,6.03445,13.4924,27.1
11/30/2015,26.768,5.95235,13.2231,25.969999
12/1/2015,26.879999,6.10013,13.148,26.690001
12/2/2015,27.007999,5.9934,13.1292,26.1
12/3/2015,27.4,6.2397,13.7052,28.299999
12/4/2015,27.200001,6.17402,13.5174,26.92
12/7/2015,27.16,6.10834,13.3797,27.549999
12/8/2015,26.84,6.06729,13.0854,26.5
12/9/2015,27.896,6.37107,13.7428,28.5
12/10/2015,27.408001,6.25612,13.148,28.049999
12/11/2015,28,6.21507,13.0353,28.1
12/14/2015,27.416,6.02624,12.8037,27.74
12/15/2015,27.08,6.05908,13.004,26.73
12/16/2015,26.879999,6.01803,13.1167,27.049999
12/17/2015,27.120001,6.16581,12.86,27.24
12/18/2015,26.768,5.87025,12.3028,25.25
12/21/2015,26.087999,5.76352,11.9459,24.629999
12/22/2015,26.68,5.78815,12.0523,24.459999
12/23/2015,26.84,5.7471,12.1463,24.83
12/28/2015,27.200001,5.73068,12.2652,24.360001
12/29/2015,27.040001,5.73068,12.3278,24.1
12/30/2015,26.792,5.64857,12.0711,24.33
1/4/2016,26.128,5.41869,11.8958,22.83
1/5/2016,26.440001,5.509,11.9271,24.290001
1/6/2016,26.048,5.55826,11.7581,24.1
1/7/2016,25.440001,5.47616,11.5202,23.15
1/8/2016,25.08,5.47616,11.2948,23.59
1/11/2016,25.120001,5.41048,10.9755,22.85
1/12/2016,25.208,5.3448,10.9129,23.23
1/13/2016,25.08,5.36122,10.7563,23.040001
1/14/2016,24.6,5.38585,11.0819,23.799999
1/15/2016,23.799999,5.29554,10.8001,22.799999
1/18/2016,24.007999,5.27091,10.7062,22.25
1/19/2016,24.32,5.21344,10.7814,22.690001
1/20/2016,24.176001,5.15597,10.8064,22.940001
1/21/2016,24.16,5.17239,10.6499,21.719999
1/22/2016,24.639999,5.25449,10.869,21.98
1/26/2016,24.719999,5.33659,10.7438,21
1/27/2016,25.08,5.3448,10.8753,21.059999
1/28/2016,25.6,5.45974,10.8941,21.75
1/29/2016,27.072001,5.64857,11.3636,23.129999
2/1/2016,27.087999,5.68141,11.6579,23.5
2/2/2016,26.408001,5.21344,11.1758,22.5
2/3/2016,26.424,5.48437,11.7142,23.07
2/4/2016,27.152,5.57468,12.3529,23.440001
2/5/2016,27.056,5.56647,12.2276,24
2/10/2016,27.200001,5.57468,12.3654,24
2/11/2016,27.200001,5.45153,12.0461,23.1
2/12/2016,26.944,5.45974,12.0836,23.1
2/15/2016,27.040001,5.46795,12.0836,23.51
2/16/2016,27.528,5.55005,12.5156,23.700001
2/17/2016,27.92,5.57468,12.6534,24.809999
2/18/2016,27.712,5.47616,12.3967,24.049999
2/19/2016,27.608,5.33659,12.4468,24.209999
2/22/2016,28.200001,5.51721,13.0979,25.25
2/23/2016,27.983999,5.509,12.9727,25.030001
2/24/2016,27.816,5.46795,12.9477,23.4
2/25/2016,27.992001,5.509,12.9101,23.6
2/26/2016,27.823999,5.45974,12.9477,23.6
2/29/2016,28.24,5.59931,13.3609,24.120001
3/1/2016,28.792,5.8292,13.7365,25.440001
3/2/2016,28.408001,5.91951,14.0245,25.99
3/3/2016,28.952,6.40391,15.2767,26.9
3/4/2016,29.32,6.65842,16.8545,28.129999
3/7/2016,29.4,6.57632,16.3787,28.09
3/8/2016,30.120001,6.8062,16.4601,29.549999
3/9/2016,29.92,6.642,15.715,29.790001
3/10/2016,29.792,6.8883,16.184601,31.93
3/11/2016,29.672001,7.01146,16.760599,31.389999
3/14/2016,29.24,6.9622,16.6541,30.639999
3/15/2016,28.896,6.5599,15.7776,27.6
3/16/2016,29.024,6.3957,15.427,27.780001
3/17/2016,29.952,7.05251,17.4368,30.809999
3/18/2016,29.864,7.0443,17.205099,30.790001
3/21/2016,30.559999,7.13461,17.493099,30.85
3/22/2016,30.08,6.88009,17.3116,29.15
3/23/2016,29.792,6.67484,16.7481,28.860001
3/24/2016,29.68,6.67484,16.441299,28.540001
3/28/2016,29.648001,6.93757,17.242701,30.040001
3/29/2016,29.848,7.01146,17.5432,30.75
3/30/2016,30.16,6.95399,17.568199,30.32
3/31/2016,29.344,6.70768,16.9422,29.719999
4/1/2016,29.768,6.70768,17.280199,29.4
4/4/2016,29,6.48601,16.5665,28.43
4/5/2016,28.775999,6.45317,16.6416,28.559999
4/6/2016,28.288,6.28075,16.2034,28.360001
4/7/2016,28.472,6.37107,16.3286,29.09
4/8/2016,28.92,6.74873,17.161301,30.879999
4/11/2016,28.959999,6.76515,17.449301,30.629999
4/12/2016,29.208,7.07714,18.269501,31.940001
4/13/2016,29.6,7.10998,20.096399,32.119999
4/14/2016,29.76,6.9622,17.969,32.400002
4/15/2016,30.087999,7.07714,18.050301,33.25
4/18/2016,30.24,7.01967,17.947701,33.349998
4/19/2016,30.736,7.01146,17.989,33.59
4/20/2016,30.448,6.87188,17.975201,33.560001
4/22/2016,30.200001,6.8062,17.596399,33.75
4/25/2016,30.4,6.73231,17.1901,31.25
4/26/2016,30.368,6.97862,17.8099,31.389999
4/27/2016,31.040001,7.15103,18.4366,31.309999
4/28/2016,31,7.13461,18.0578,29.950001
4/29/2016,30.52,7.10998,17.8375,30
5/2/2016,30.24,6.95399,17.4862,29.51
5/3/2016,29.968,6.57468,17.107401,28.389999
5/4/2016,30.360001,6.68305,17.8375,28.42
5/5/2016,30.264,6.6108,17.389799,27.870001
5/6/2016,29.959999,6.6379,17.4725,27.59
5/9/2016,29.6,6.72821,17.5826,27.65
5/10/2016,29.879999,7.0443,18.3402,28.559999
5/11/2016,29.256001,6.99914,18.5193,28.18
5/12/2016,29.440001,7.08042,18.918699,28.25
5/13/2016,28.959999,6.91786,18.154301,28
5/16/2016,28.976,6.88174,17.8375,26.99
5/17/2016,28.648001,6.66499,17.2589,26.16
5/18/2016,28.952,6.66499,17.3347,27.049999
5/19/2016,28.624001,6.70111,16.976601,27.709999
5/20/2016,29.128,6.61983,16.7906,27.200001
5/23/2016,28.76,6.6379,16.8388,26.75
5/24/2016,29.040001,6.57468,16.8871,27.280001
5/25/2016,28.544001,6.56565,16.818199,27.620001
5/27/2016,28.559999,6.56565,16.577101,27.6
5/30/2016,28.48,6.55661,16.5289,27.4
5/31/2016,28.384001,6.44824,15.7025,27.26
6/1/2016,28.712,6.57468,15.9917,27.110001
6/2/2016,28.672001,6.59274,16.494499,27.5
6/3/2016,29.143999,6.6379,16.577101,27.6
6/6/2016,28.879999,6.54758,16.4807,27.370001
6/7/2016,28.84,6.66499,16.694201,26.889999
6/8/2016,29.504,6.78239,17.2176,27.27
6/9/2016,29.280001,6.82755,17.245199,27.65
6/10/2016,28.832001,6.4663,16.556499,26.75
6/13/2016,29.184,6.52952,16.832001,26.75
6/14/2016,28.879999,6.40309,16.5014,26.25
6/15/2016,28.872,6.39405,16.5289,26.98
6/16/2016,28.84,6.53855,16.776899,27.26
6/17/2016,29.024,6.44824,16.6735,27.15
6/20/2016,29.24,6.55661,16.948999,27.809999
6/21/2016,29.208,6.4934,17.1488,27.92
6/22/2016,29.016001,6.43921,17.1143,27.18
6/23/2016,29.68,6.67402,17.5413,27.83
6/24/2016,29.112,6.51146,17.107401,26.73
6/27/2016,29.375999,6.31277,16.432501,27.25
6/28/2016,30.280001,6.4934,16.8388,27.58
6/29/2016,30.76,6.64693,17.245199,28.01
6/30/2016,30.648001,6.85464,17.3416,28.110001
7/1/2016,30.535999,6.91786,17.6446,27.6
7/4/2016,30.823999,6.90883,17.7066,27.65
7/5/2016,31,6.82755,17.699699,26.889999
7/6/2016,31.191999,6.79142,17.699699,26.73
7/7/2016,31.368,6.84561,17.7686,26.48
7/8/2016,31.464001,7.0443,18.257601,27.75
7/11/2016,32.16,7.05333,18.464199,27.6
7/12/2016,32.023998,6.94495,18.3127,28.1
7/13/2016,32.216,7.10752,18.719,28.190001
7/14/2016,32.591999,7.42361,19.4904,29.040001
7/15/2016,32.240002,7.38748,19.4904,29.219999
7/18/2016,32.360001,7.55004,19.8967,29.85
7/19/2016,32.911999,7.5952,19.8209,29.690001
7/20/2016,33.112,7.5681,19.993099,30.07
7/21/2016,33.32,7.49585,19.8416,29.67
7/22/2016,33.52,7.51392,19.9725,29.700001
7/25/2016,33.68,7.47779,19.9105,29.35
7/26/2016,33.352001,7.40554,19.7521,29.42
7/27/2016,33.487999,7.52295,19.8209,29.049999
7/28/2016,33.040001,7.43264,18.9394,29.360001
7/29/2016,33.768002,7.55004,19.5317,30.139999
8/1/2016,33.639999,7.45973,19.5592,30.139999
8/2/2016,33.599998,7.50489,19.304399,29.799999
8/3/2016,34.200001,7.80291,19.7521,29.9
8/4/2016,34.616001,7.82098,19.965599,30.34
8/5/2016,34.408001,7.79388,20.0895,30.280001
8/8/2016,34.240002,7.7397,19.889799,29.969999
8/9/2016,33.279999,7.73066,19.786501,29.790001
8/10/2016,32.807999,7.63132,19.504101,29.879999
8/11/2016,33.200001,7.84807,20.0826,30.639999
8/12/2016,33.136002,7.8571,20.110201,29.809999
8/15/2016,33.208,7.92032,20.4063,29.809999
8/16/2016,32.439999,7.83904,20.096399,29.549999
8/17/2016,33.48,7.96547,20.3237,29.450001
8/18/2016,32.16,8.0016,20.378799,29.049999
8/19/2016,32.296001,7.92935,20.2617,28.799999
8/22/2016,31.879999,7.7126,19.7176,28.24
8/23/2016,31.32,7.72163,19.504101,28.23
8/24/2016,31.76,7.69454,19.3664,28.6
8/25/2016,31.6,7.67648,19.4559,29.02
8/26/2016,31.152,7.74873,19.724501,28.709999
8/29/2016,31.864,7.86613,20.0826,29
8/30/2016,31.768,7.88419,20.1446,29.200001
8/31/2016,31.200001,7.76679,20.0138,29.15
9/1/2016,31.832001,7.82098,19.8141,30
9/2/2016,32.439999,7.92935,20.378799,30.74
9/5/2016,32.335999,7.90226,20.447701,30.67
9/6/2016,32.352001,7.96547,20.6612,31.18
9/8/2016,31.903999,7.8571,20.9366,31.110001
9/9/2016,31.112,7.49585,19.7796,30.24
9/12/2016,31.280001,7.55907,19.848499,30.459999
9/13/2016,31,7.52295,19.021999,29.75
9/14/2016,31.128,7.44167,19.180401,29.9
9/15/2016,31.312,7.61326,19.703899,30.59
9/16/2016,31.048,7.52295,19.345699,29.940001
9/19/2016,31.200001,7.54101,19.448999,29.809999
9/20/2016,31.368,7.58617,19.6625,29.629999
9/21/2016,31.639999,7.63132,20.048201,30.17
9/22/2016,31.823999,7.74873,20.433901,31.030001
9/23/2016,31.719999,7.68551,20.475201,31.17
9/26/2016,31.68,7.5952,20.2204,30.540001
9/27/2016,31.559999,7.70357,20.640499,30.91
9/28/2016,31.864,7.78485,20.7645,30.82
9/29/2016,31.424,7.55907,20.420099,30.33
9/30/2016,30.799999,7.53198,20.433901,29.879999
10/3/2016,31.296,7.66745,20.5165,30.450001
10/4/2016,30.896,7.55907,20.798901,30.559999
10/5/2016,31.256001,7.65842,20.964199,30.110001
10/6/2016,31.120001,7.78485,20.964199,30.07
10/7/2016,31.271999,7.87516,21.2603,30.41
10/10/2016,31.24,7.99257,21.253401,30.84
10/11/2016,31.040001,7.91129,21.1777,30.450001
10/13/2016,31.52,7.91129,21.2052,30.9
10/14/2016,31.559999,8.03772,21.377399,31.530001
10/17/2016,32.040001,8.10997,21.804399,31.92
10/18/2016,32.487999,8.21835,22.3347,32.299999
10/19/2016,32.152,8.16416,22.1763,32.330002
10/20/2016,32.391998,8.20028,22.5,32.330002
10/21/2016,32.528,8.13707,22.286501,32.049999
10/24/2016,32.431999,8.09191,22.073,31.809999
10/25/2016,32.400002,7.98354,21.9697,31.639999
10/26/2016,32.360001,8.0016,21.880199,31.219999
10/27/2016,32.48,8.17319,22.245199,31.450001
10/28/2016,32.400002,8.19125,22.327801,31.34
10/31/2016,32.439999,8.52541,23.0303,32.139999
11/1/2016,31.440001,8.33575,22.3554,31.110001
11/3/2016,30.848,8.17319,21.8113,29.799999
11/4/2016,30.6,8.33575,21.8113,29.549999
11/7/2016,31.271999,8.53444,22.568899,30.780001
11/8/2016,31.440001,8.57959,22.555099,30.5
11/9/2016,30.92,8.39897,21.935301,30.18
11/10/2016,29.615999,7.96547,19.9793,28.700001
11/11/2016,28.120001,7.74873,20.0138,28.1
11/14/2016,28.32,7.7397,20.1584,28.1
11/16/2016,28.879999,7.99257,20.461399,29.07
11/17/2016,28.719999,7.80291,19.8209,28.65
11/18/2016,28.768,7.92935,20.1653,28.99
11/21/2016,28.559999,8.01063,20.2824,28.91
11/22/2016,28.544001,8.01063,20.420099,29.129999
11/23/2016,28.488001,7.86613,20.5096,28.709999
11/24/2016,28.4,7.80291,20.316799,28.16
11/25/2016,28.344,7.76679,20.4132,27.92
11/28/2016,28.736,7.83904,20.667999,28.65
11/29/2016,28.4,7.68551,20.0138,27.940001
11/30/2016,28.68,7.77582,20.489,28.290001
12/1/2016,27.368,7.37845,19.345699,26.950001
12/2/2016,27.455999,7.40554,19.641899,27.5
12/5/2016,27.208,7.36942,19.538601,27
12/6/2016,27.528,7.53198,19.9587,27.200001
12/7/2016,27.336,7.55004,19.8347,27.4
12/8/2016,27.208,7.54101,19.628099,27
12/9/2016,27.280001,7.58617,19.889799,26.709999
12/12/2016,26.927999,7.28814,19.0634,25.82
12/13/2016,27.200001,7.32426,19.139099,26.66
12/14/2016,27.087999,7.27911,18.9118,26.309999
12/15/2016,27.191999,7.27911,18.973801,26.620001
12/16/2016,27.247999,7.24298,18.870501,26.469999
12/19/2016,27.200001,7.11655,18.4573,26.299999
12/20/2016,26.816,7.1888,18.8568,26.49
12/21/2016,26.903999,7.1888,18.6984,26.280001
12/22/2016,27.224001,7.24298,18.422899,27.1
12/23/2016,27.312,7.13461,18.8085,27.25
12/26/2016,27.384001,7.22492,19.152901,27.33
12/27/2016,27.360001,7.19783,18.9669,26.91
12/28/2016,27.84,7.29717,19.6488,27.99
12/29/2016,28,7.47779,19.9725,28.299999
1/2/2017,27.879999,7.41457,19.8347,27.82
1/3/2017,28.959999,7.7397,20.6612,28.809999
1/4/2017,28.591999,7.78485,20.5303,29.719999
1/5/2017,28.384001,7.8571,20.757601,29.120001
1/6/2017,28.032,7.83001,20.888399,28.67
1/9/2017,28.056,7.91129,20.916,29.32
1/10/2017,28.040001,7.8571,20.916,29.559999
1/11/2017,27.84,7.91129,21.0744,28.709999
1/12/2017,28.24,8.12803,21.5702,28.4
1/13/2017,28.304001,8.04675,21.3981,27.25
1/16/2017,27.983999,8.04675,21.4394,27.049999
1/17/2017,28.440001,8.20932,22.052299,27.450001
1/18/2017,28.52,8.16416,21.832001,27.26
1/19/2017,28.639999,8.15513,21.8113,27.18
1/20/2017,28.68,8.24544,21.708,27.33
1/23/2017,28.992001,8.45316,22.203899,27.709999
1/24/2017,28.424,8.35381,22.121201,27.360001
1/26/2017,28.927999,8.38994,22.6171,28.200001
1/27/2017,28.879999,8.38091,22.6859,28.77
1/30/2017,28.488001,8.28156,22.286501,28.299999
1/31/2017,28.639999,8.38091,22.5207,27.91
2/1/2017,28.52,8.41703,22.3347,27.66
2/2/2017,28.896,8.408,21.4876,27.790001
2/3/2017,29.16,8.57056,22.011,27.629999
2/6/2017,29.040001,8.44413,21.556499,28.030001
2/7/2017,29.007999,8.56153,21.521999,27.940001
2/8/2017,29.120001,8.63378,21.921499,27.5
2/9/2017,29.68,8.697,22.052299,27.540001
2/10/2017,29.719999,8.77828,22.3829,27.57
2/13/2017,29.856001,8.76022,22.444901,28.530001
2/14/2017,29.431999,8.72409,22.307199,28.16
2/15/2017,29.888,9.05824,22.789301,28.85
2/16/2017,29.719999,9.03115,22.713499,29.5
2/17/2017,29.879999,9.17565,22.6653,28.74
2/20/2017,29.92,9.30208,22.754801,28.799999
2/21/2017,30.056,9.36364,23.3953,29.389999
2/22/2017,30.16,9.40909,23.546801,29.32
2/23/2017,30.16,9.29091,23.1887,29.32
2/24/2017,29.584,9.12727,23.0165,28.620001
3/1/2017,29.76,9.08182,22.8099,28.42
3/2/2017,29.591999,8.97273,22.727301,28.940001
3/3/2017,29.392,9.08182,23.2645,29.6
3/6/2017,29.6,9.15455,23.037201,29.450001
3/7/2017,29.743999,9.01818,22.727301,29.15
3/8/2017,29.312,8.84545,22.3416,28.780001
3/9/2017,28.552,8.76364,22.141899,28.82
3/10/2017,28.672001,8.8,22.0179,28.99
3/13/2017,29.32,8.92727,22.2934,28.85
3/14/2017,28.959999,8.82727,22.107401,29
3/15/2017,28.959999,9.05455,22.5,29.459999
3/16/2017,29.24,9.05455,22.3967,30.15
3/17/2017,29.559999,8.88182,21.708,29.35
3/20/2017,29.247999,8.86364,22.0937,29
3/21/2017,28.768,8.55455,21.4394,28.77
3/22/2017,28.823999,8.77273,21.521999,29.450001
3/23/2017,28.728001,8.7,21.5427,29.09
3/24/2017,28.959999,8.78182,21.8526,29.01
3/27/2017,28.743999,8.86364,22.038601,28.370001
3/28/2017,28.424,8.8,22.1625,28.65
3/29/2017,28.632,8.88182,22.624001,29.389999
3/30/2017,28.32,8.77273,22.4793,29.450001
3/31/2017,28.296,8.63636,22.300301,29.200001
4/3/2017,28.392,8.70909,22.4105,29.209999
4/4/2017,28.712,8.82727,22.568899,29.25
4/5/2017,28.368,8.72727,22.107401,28.76
4/6/2017,28.048,8.60909,21.873301,28.68
4/7/2017,28,8.65455,21.921499,28.969999
4/10/2017,28.007999,8.69091,22.0592,28.4
4/11/2017,27.959999,8.72727,22.1143,28.709999
4/12/2017,27.728001,8.68182,21.8939,28.42
4/13/2017,27.200001,8.46364,21.225901,28.08
4/17/2017,27.799999,8.69091,22.1763,29.09
4/18/2017,27.84,8.76364,22.0455,28.99
4/19/2017,27.448,8.61818,21.8251,28.450001
4/20/2017,27.552,8.54545,21.446301,29.02
4/24/2017,27.591999,8.75455,21.8388,28.93
4/25/2017,27.799999,8.77273,22.038601,29.219999
4/26/2017,27.664,8.74545,22.4105,29.360001
4/27/2017,27.472,8.85455,23.064699,29.02
4/28/2017,27.200001,8.99091,23.0096,29.889999
5/2/2017,27.743999,9.16364,23.628799,29.83
5/3/2017,27.823999,9.07273,23.598499,29.719999
5/4/2017,27.544001,8.86364,23.25,29.049999
5/5/2017,27.535999,9.10909,23.2803,29.17
5/8/2017,27.368,9.09091,23.2652,29.860001
5/9/2017,27.24,9.11818,23.4697,30.17
5/10/2017,27.464001,9.18182,23.818199,30.379999
5/11/2017,27.264,9.33636,23.962099,30.43
5/12/2017,27.544001,9.36364,24.2045,31.16
5/15/2017,27.743999,9.36364,24.242399,31
5/16/2017,27.896,9.33636,24.2803,31.639999
5/17/2017,27.608,9.15455,23.802999,31.1
5/18/2017,26.167999,8.27273,20.681801,27.92
5/19/2017,26.719999,8.32727,21.022699,28.559999
5/22/2017,26.52,8.09091,20.4242,28.299999
5/23/2017,26.559999,8.19091,20.5606,29.15
5/24/2017,26.823999,8.19091,20.7955,29.82
5/25/2017,26.719999,8,20.651501,29.66
5/26/2017,26.976,8.15455,21.128799,29.76
5/29/2017,26.976,8.15455,21.128799,29.76
5/30/2017,26.52,8.20909,21.25,29.690001
5/31/2017,26.535999,8.13636,20.848499,29.1
6/1/2017,26.704,7.95455,20.7348,29.85
6/2/2017,26.712,8,20.431801,30.299999
6/5/2017,26.511999,7.96364,20.4167,30.360001
6/6/2017,26.511999,8.07273,20.6894,30
6/7/2017,26.768,8.20909,21.022699,29.73
6/8/2017,26.559999,8.14545,20.7045,29.52
6/9/2017,26.639999,8.00909,20.2803,29.76
6/12/2017,26.559999,8.00909,19.9545,28.889999
6/13/2017,26.648001,8.06364,19.7955,28.66
6/14/2017,26.559999,8.14545,20.5606,28.85
6/15/2017,26.559999,8.14545,20.5606,28.85
6/16/2017,27.528,8.19091,20.462099,28.719999
6/19/2017,27.84,8.2,20.5152,29.309999
6/20/2017,27.68,7.99091,20.037901,28.32
6/21/2017,27.879999,7.94545,19.9242,28.299999
6/22/2017,27.792,7.96364,20.1742,28.65
6/23/2017,27.648001,7.88182,20.007601,28.299999
6/26/2017,27.927999,8.09091,20.9091,28.690001
6/27/2017,27.624001,7.93636,20.6742,28.049999
6/28/2017,27.879999,8.00909,20.848499,27.780001
6/29/2017,27.200001,8.11818,20.947001,28.1
6/30/2017,27.136,8.2,21.3258,28.65
7/3/2017,27.455999,8.2,21.3636,28.120001
7/4/2017,27.4,8.19091,21.378799,27.99
7/5/2017,27.176001,8.27273,21.3864,27.559999
7/6/2017,27.264,8.16364,21.0758,27.35
7/7/2017,27.511999,8.15455,21.098499,27.389999
7/10/2017,27.84,8.22727,21.3333,27.65
7/11/2017,27.888,8.34545,21.7045,27.870001
7/12/2017,28.056,8.36364,22.2803,28.370001
7/13/2017,27.992001,8.39091,22.477301,28.950001
7/14/2017,27.799999,8.37273,22.5,29.16
7/17/2017,27.799999,8.34545,22.348499,28.66
7/18/2017,27.879999,8.41818,22.628799,28.9
7/19/2017,27.752001,8.34545,22.348499,28.809999
7/20/2017,27.856001,8.38182,22.272699,28.950001
7/21/2017,27.856001,8.36364,22.181801,28.5
7/24/2017,28.087999,8.36364,22.371201,28.24
7/25/2017,28.247999,8.43636,22.7348,27.799999
7/26/2017,28.048,8.33636,22.537901,27.459999
7/27/2017,28.056,8.4,22.507601,27.84
7/28/2017,27.944,8.4,22.537901,27.700001
7/31/2017,28,8.40909,22.871201,27.450001
8/1/2017,28.360001,8.68182,23.151501,27.5
8/2/2017,28.68,8.78182,23.4545,27.809999
8/3/2017,28.959999,8.76364,23.447001,27.75
8/4/2017,28.959999,8.73636,23.4697,27.1
8/7/2017,29.032,8.92727,23.742399,26.940001
8/8/2017,28.728001,8.93636,23.992399,26.83
8/9/2017,28.632,8.9,24.007601,26.48
8/10/2017,27.32,8.83636,23.7803,26.23
8/11/2017,27.488001,8.88182,23.992399,25.83
8/14/2017,27.695999,9.00909,24.4697,26.41
8/15/2017,27.912001,8.98182,24.5303,26.809999
8/16/2017,27.584,8.99091,24.5303,27.110001
8/17/2017,27.615999,8.91818,24.3258,26.450001
8/18/2017,27.912001,9.03636,24.8258,27.58
8/21/2017,27.68,9.02727,24.818199,27.700001
8/22/2017,27.927999,9.11818,25.378799,27.83
8/23/2017,27.912001,9.30909,25.6061,27.98
8/24/2017,28,9.38182,25.6894,27.6
8/25/2017,28.104,9.36364,25.712099,27.42
8/28/2017,28.280001,9.34545,25.318199,27.57
8/29/2017,28.584,9.41818,25.75,27.67
8/30/2017,28.440001,9.42727,25.492399,27.459999
8/31/2017,28.879999,9.27273,25.4394,27.719999
9/1/2017,28.944,9.43636,25.9697,27.99
9/4/2017,28.695999,9.4,25.947001,27.93
9/5/2017,28.959999,9.45455,25.5758,28.32
9/6/2017,28.799999,9.71818,25.962099,28.719999
9/7/2017,28.799999,9.71818,25.962099,28.719999
9/8/2017,29.448,9.74545,25.757601,29.1
9/11/2017,30.271999,9.87273,26.75,28.9
9/12/2017,30.072001,9.91818,26.712099,28.9
9/13/2017,30.104,9.94545,26.8258,28.690001
9/14/2017,29.879999,9.98182,26.621201,28.959999
9/15/2017,29.247999,10.2,27.1894,29.67
9/18/2017,29.704,10.2636,27.4242,29.48
9/19/2017,29.440001,10.2273,27.507601,29
9/20/2017,29.200001,10.1273,27.348499,28.93
9/21/2017,28.952,10.1364,27.3561,28.690001
9/22/2017,28.84,10.1182,27.287901,28.75
9/25/2017,28.672001,10.0091,26.8258,28.719999
9/26/2017,29.176001,10,26.7955,28.85
9/27/2017,28.712,9.85455,26.5152,28.5
9/28/2017,29.072001,9.83636,26.181801,28.530001
9/29/2017,29,10.0273,26.552999,28.629999
10/2/2017,28.736,9.96364,26.818199,28.290001
10/3/2017,29.375999,10.3546,27.9545,28.52
10/4/2017,29.296,10.2818,27.772699,29.120001
10/5/2017,29.743999,10.3455,27.7955,29.299999
10/6/2017,29.559999,10.3,27.507601,29.049999
10/9/2017,29.327999,10.1454,27.492399,29
10/10/2017,29.648001,10.3546,28.121201,29.120001
10/11/2017,29.6,10.3273,27.9545,29.1
10/12/2017,29.6,10.3273,27.9545,29.1
10/13/2017,30.072001,10.3182,27.742399,29.15
10/16/2017,29.743999,10.2727,27.6667,28.82
10/17/2017,29.52,10.1545,27.598499,28.6
10/18/2017,29.360001,10.2,27.477301,29.040001
10/19/2017,29.296,10.1364,27.3636,28.610001
10/20/2017,29.176001,10.1364,27.227301,29.01
10/23/2017,28.799999,9.9,26.9697,28.450001
10/24/2017,28.983999,10.1182,27.3333,28.719999
10/25/2017,28.959999,10.2727,27.4167,28.709999
10/26/2017,28.792,10.1636,27.1667,28.52
10/27/2017,29.304001,10.1364,27.1136,28.6
10/30/2017,28.808001,9.85455,26.628799,28
10/31/2017,28.639999,9.52727,26.272699,27.73
11/1/2017,28.496,9.45455,25.4545,27.42
11/2/2017,28.496,9.45455,25.4545,27.42
11/3/2017,28.216,9.54545,25.697001,27.27
11/6/2017,28.888,9.57273,25.697001,28.25
11/7/2017,28.568001,9.36364,24.8106,27.200001
11/8/2017,30.016001,9.67273,25.712099,28.26
11/9/2017,30.167999,9.51818,24.7803,28.059999
11/10/2017,29.040001,9.51818,24.802999,28.1
11/13/2017,29.048,9.51818,24.9242,27.959999
11/14/2017,28.736,9.38182,24.3939,27.5
11/15/2017,28.736,9.38182,24.3939,27.5
11/16/2017,29.52,9.52727,25.0303,27.799999
11/17/2017,29.271999,9.63636,25.4697,27.450001
11/20/2017,29.271999,9.63636,25.4697,27.450001
11/21/2017,29.68,9.78182,26.052999,27.700001
11/22/2017,29.768,9.75455,25.757601,27.59
11/23/2017,30,9.74545,25.568199,27.32
11/24/2017,29.695999,9.65455,25.3409,27.15
11/27/2017,29.591999,9.80909,25.302999,26.98
11/28/2017,29.344,9.77273,25.378799,27
11/29/2017,28.888,9.53636,24.8939,26.85
11/30/2017,28.344,9.43636,24.7348,26.879999
12/1/2017,28.264,9.50909,24.6742,27.059999
12/4/2017,28.664,9.54545,25.0833,27.190001
12/5/2017,28.336,9.5,24.8258,27.389999
12/6/2017,28.256001,9.63636,25.0833,27.84
12/7/2017,28,9.52727,24.901501,28.139999
12/8/2017,27.879999,9.56364,24.9697,27.809999
12/11/2017,27.92,9.60909,24.9697,27.889999
12/12/2017,28.040001,9.70909,25.462099,28
12/13/2017,27.84,9.57273,25.0303,28.08
12/14/2017,27.848,9.54545,24.8333,28
12/15/2017,28.408001,9.59091,24.7348,28.200001
12/18/2017,28.504,9.54545,24.931801,28.27
12/19/2017,28.063999,9.45455,24.772699,28.129999
12/20/2017,28.375999,9.6,25,28.18
12/21/2017,28.392,9.95455,25.7348,28.25
12/22/2017,28.247999,9.96364,25.8106,28.209999
12/25/2017,28.247999,9.96364,25.8106,28.209999
12/26/2017,28.4,9.85455,25.2348,28.15
12/27/2017,28.576,9.82727,25.2652,28.379999
12/28/2017,28.408001,9.83636,25.6439,28.49
12/29/2017,28.408001,9.83636,25.6439,28.49
1/2/2018,28.576,10.0273,26.212099,28.700001
1/3/2018,28.384001,10.1454,26.318199,28.719999
1/4/2018,28.016001,10.3364,26.75,28.780001
1/5/2018,28.16,10.3546,26.901501,28.969999
1/8/2018,28.32,10.3455,26.8939,29.139999
1/9/2018,28.32,10.1818,26.6439,29.040001
1/10/2018,28.216,10.1818,26.3636,28.92
1/11/2018,27.936001,10.3455,26.8939,29.09
1/12/2018,28.08,10.3727,26.8939,29.15
1/15/2018,28.232,10.5,27.0833,29.110001
1/16/2018,28.360001,10.6364,27.2652,29.629999
1/17/2018,28.784,10.8,27.947001,30.309999
1/18/2018,28.879999,10.8546,27.9167,30.620001
1/19/2018,29.4,10.8909,28.1136,30.690001
1/22/2018,29.360001,11.1636,28.5,30.549999
1/23/2018,28.664,11.0182,28.628799,30.799999
1/24/2018,29.360001,11.7364,30.151501,31.809999
1/25/2018,29.360001,11.7364,30.151501,31.809999
1/26/2018,29.448,12.2273,31.212099,32.5
1/29/2018,29.304001,11.9091,30.302999,31.200001
1/30/2018,29.16,11.9818,30.6061,31.209999
1/31/2018,28.752001,12.0455,30.871201,31.110001
2/1/2018,28.872,12.0091,30.052999,31.92
2/2/2018,28.799999,11.8182,29.1061,31.75
2/5/2018,28.4,11.4545,28.6364,31.25
2/6/2018,28.76,11.9,29.318199,31.92
2/7/2018,28.615999,11.6545,28.878799,31.25
2/8/2018,28.143999,11.5455,28.522699,30.440001
2/9/2018,27.959999,11.5273,28.197001,30.610001
2/14/2018,null,null,null,null
2/15/2018,28.76,11.9,29.348499,31.27
2/16/2018,29.392,12.1818,29.2955,31.75
2/19/2018,29.455999,12.1545,29.151501,30.280001
2/20/2018,30.216,12.6454,30.037901,30.389999
2/21/2018,30.440001,12.8636,30.197001,30.85
2/22/2018,30.559999,13.0727,30.378799,30.549999
2/23/2018,31.200001,12.3909,30.6591,29.75
2/26/2018,31.68,12.4091,30.6591,29.6
2/27/2018,31.6,12.2455,30.3258,29.309999
2/28/2018,31.32,11.9273,29.371201,29.1
3/1/2018,31.448,12.1182,29.537901,29.209999
3/2/2018,31.32,12.2182,29.712099,29.200001
3/5/2018,31.4,12.5455,29.9091,29.42
3/6/2018,30.927999,12.4909,29.962099,29.5
3/7/2018,31.247999,12.4545,29.431801,29.049999
3/8/2018,31.288,12.3727,29.0455,28.799999
3/9/2018,31.32,12.4818,29.6667,29.469999
3/12/2018,31.496,12.6,29.901501,29.43
3/13/2018,30.799999,12.5182,29.4697,29.040001
3/14/2018,30.639999,12.3909,29.3106,28.77
3/15/2018,30.392,12.3364,28.8864,27.940001
3/16/2018,30.712,12.2182,28.962099,28.15
3/19/2018,30.879999,12.0909,28.6667,28.049999
3/20/2018,31.040001,12.0909,28.6364,28.15
3/21/2018,31.288,12.1091,28.7803,28.389999
3/22/2018,30.936001,12.0636,28.9545,28.65
3/23/2018,30.752001,12.1,29.151501,29.51
3/26/2018,30.799999,12.3,29.318199,29.08
3/27/2018,30.864,12.1727,28.962099,29.049999
3/28/2018,30.92,12.3182,29.151501,29.24
3/29/2018,31.327999,12.5364,29.9242,29.27
4/2/2018,30.792,12.4636,29.65,28.74
4/3/2018,30.368,12.4,29.9667,28.370001
4/4/2018,30.535999,12.4091,29.7083,28.299999
4/5/2018,30.903999,12.3727,29.799999,28.790001
4/6/2018,30.568001,12.2727,29.7083,28.549999
4/9/2018,30.24,12.0273,28.5833,28.450001
4/10/2018,30.799999,12.0818,28.825001,28.65
4/11/2018,30.4,12.0727,29.5,28.219999
4/12/2018,30.6,12.2636,28.9667,28
4/13/2018,30.68,12,28.3333,27.940001
4/16/2018,29.992001,11.7818,27.7167,27.700001
4/17/2018,30.360001,12,28.0667,27.77
4/18/2018,30.528,12.2364,29.008301,28.4
4/19/2018,30.143999,12.0455,28.9583,28
4/20/2018,30.063999,11.9454,28.549999,27.48
4/23/2018,29.84,11.9909,28.5417,27.799999
4/24/2018,29.200001,11.9636,28.5917,27.51
4/25/2018,29.280001,12.0364,28.9417,27.52
4/26/2018,30.16,12.4273,28.9417,27.870001
4/27/2018,30.112,12.4454,29.258301,28.02
4/30/2018,29.591999,12.3727,28.8083,27.48
5/2/2018,29.48,11.6364,28.0667,27.48
5/3/2018,29.344,11.3182,27.475,27.440001
5/4/2018,29.063999,11.1364,27.5,27.059999
5/7/2018,28.896,11.1545,27.25,26.35
5/8/2018,28.752001,11.1818,27.108299,26.9
5/9/2018,28.784,11.2091,27.325001,27.049999
5/10/2018,29.743999,11.5818,27.875,27.75
5/11/2018,29.544001,11.4,27.375,27.950001
5/14/2018,29.6,11.2364,26.983299,27.33
5/15/2018,29.576,11.0818,26.825001,26.93
5/16/2018,30.959999,11.1909,27.258301,27.35
5/17/2018,30.304001,10.7,26.125,26.5
5/18/2018,30.944,10.5455,26.241699,26.67
5/21/2018,30.879999,10.4818,25.866699,26.65
5/22/2018,30.576,10.9364,26.608299,27.700001
5/23/2018,30.591999,10.6818,25.9083,27.5
5/24/2018,30.152,10.8546,25.950001,28
5/25/2018,30.087999,10.7,25.4333,27.35
5/28/2018,29.584,10.2545,24.358299,26.860001
5/29/2018,29.040001,10.1818,24.4583,26.040001
5/30/2018,29.591999,10.2091,24.3083,26.059999
6/1/2018,30.08,10.35,24.9,26.440001
6/4/2018,29.823999,10.68,25.141701,26.51
6/5/2018,28.959999,10.15,23.9333,25.5
6/6/2018,28.440001,10.01,23.5333,25.85
6/7/2018,28.040001,9.4,23.116699,25.26
6/8/2018,27.792,9.42,22.9167,25.459999
6/11/2018,27.568001,9.2,22.483299,25.5
6/12/2018,27.360001,9.19,22.424999,25.4
6/13/2018,27.216,9.12,21.9667,25
6/14/2018,26.84,8.82,21.075001,24.84
6/15/2018,27.368,8.91,21.450001,24.66
6/18/2018,26.896,8.61,20.758301,24.549999
6/19/2018,26.84,8.99,21.8333,24.709999
6/20/2018,26.799999,9.18,22.299999,24.549999
6/21/2018,26.736,8.91,21.375,24.129999
6/22/2018,27.024,8.98,21.7833,24.32
6/25/2018,27.200001,8.94,21.75,24.5
6/26/2018,27.455999,9.09,21.633301,24.65
6/27/2018,27.455999,8.82,21.2833,24.190001
6/28/2018,27.544001,9.04,22.008301,24.15
6/29/2018,27.384001,9.18,22.4167,24.459999
7/2/2018,27.408001,9.28,22.125,24.4
7/3/2018,27.6,9.59,23.133301,24.620001
7/4/2018,27.879999,9.68,23.4583,24.6
7/5/2018,27.648001,9.7,23.4083,24.52
7/6/2018,27.416,9.72,23.475,24.6
7/10/2018,27.52,9.74,23.1667,24.799999
7/11/2018,27.864,9.77,23.075001,24.719999
7/12/2018,28.288,9.91,23.75,25
7/13/2018,29.024,10.13,24.225,25.190001
7/16/2018,28.968,10.19,24.3333,25.6
7/17/2018,28.4,10.39,25.0333,26.200001
7/18/2018,28.336,10.38,24.4167,25.84
7/19/2018,28.440001,10.53,24.725,25.58
7/20/2018,28.743999,10.87,25.5833,25.200001
7/23/2018,28.544001,10.6,25.2917,25.23
7/24/2018,28.888,10.62,25.6667,25.200001
7/25/2018,29.368,10.96,26.133301,25.41
7/26/2018,29.24,10.77,25.4667,24.700001
7/27/2018,29.448,10.74,25.75,24.75
7/30/2018,29.695999,10.85,25.9417,24.690001
7/31/2018,29.912001,10.42,25.4417,24.49
8/1/2018,29.856001,10.65,25.775,24.84
8/2/2018,29.856001,10.71,25.766701,24.9
8/3/2018,30.120001,11.03,26.75,25.4
8/6/2018,30.167999,10.87,26.5667,25
8/7/2018,29.360001,10.85,26.1667,24.700001
8/8/2018,29.288,10.62,25.5417,24.639999
8/9/2018,30.608,10.41,25.275,24.52
8/10/2018,29.832001,10.01,24.016701,23.1
8/13/2018,29.84,9.96,24.483299,23.799999
8/14/2018,29.983999,10.2,24.9,24.389999
8/15/2018,29.719999,10.18,24.6,25.450001
8/16/2018,29.719999,10.08,24.6,26.01
8/17/2018,29.639999,9.95,23.85,25.9
8/20/2018,29.879999,9.72,24,25.530001
8/21/2018,28.288,9.5,23.4167,25.370001
8/22/2018,28.823999,9.71,23.991699,25.17
8/23/2018,28.440001,9.45,23.391701,24.17
8/24/2018,28.799999,9.49,23.6,24.18
8/27/2018,29.271999,9.76,24.233299,25.02
8/28/2018,29.360001,9.6,24.0833,24.92
8/29/2018,29.344,9.87,24.375,24.959999
8/30/2018,29.08,9.43,23.3333,24.26
8/31/2018,29.52,9.59,23.65,24.48
9/3/2018,29.632,9.47,23.4417,24.059999
9/4/2018,29.120001,9.36,22.9,24.200001
9/5/2018,29.072001,9.36,23.0417,24.690001
9/6/2018,29.568001,9.7,23.700001,24.709999
9/10/2018,29.544001,9.69,23.7917,24.58
9/11/2018,29.216,9.29,23.075001,23.959999
9/12/2018,29.040001,9.35,23.0833,23.82
9/13/2018,29.152,9.41,22.991699,23.57
9/14/2018,28.927999,9.63,23.0917,23.35
9/17/2018,29.104,9.78,23.75,23.26
9/18/2018,29.08,9.91,23.9417,23.280001
9/19/2018,28.752001,9.9,24.049999,22.940001
9/20/2018,28.648001,9.76,24,23.27
9/21/2018,28.799999,9.87,24.383301,23.9
9/24/2018,28.559999,9.59,23.733299,23.719999
9/25/2018,28.464001,9.67,23.75,24.18
9/26/2018,28.576,9.76,23.8083,24.34
9/27/2018,28.312,10.05,24.35,24.57
9/28/2018,28.384001,10.1,23.891701,24.1
10/1/2018,28.256001,9.99,23.625,23.870001
10/2/2018,28.816,10.4,25,24.9
10/3/2018,29.143999,10.74,26.0833,25.68
10/4/2018,29.24,10.66,26.2083,25.690001
10/5/2018,28.872,10.53,25.8167,25.75
10/8/2018,29.24,11.17,27.5667,26.85
10/9/2018,29.384001,11.08,27.6667,27.530001
10/10/2018,28.896,10.81,26.766701,27.200001
10/11/2018,28.351999,10.75,26.608299,27.15
10/15/2018,28.743999,10.82,26.75,27
10/16/2018,29.416,11.27,28.025,27.200001
10/17/2018,29.808001,11.17,28.0583,27
10/18/2018,30.120001,10.83,27.2833,26.4
10/19/2018,30.4,10.81,27.375,26.43
10/22/2018,30.48,10.98,27.7083,26.530001
10/23/2018,30.568001,10.96,27.8083,26.35
10/24/2018,30.16,10.7,27.141701,25.75
10/25/2018,30.200001,10.82,27.924999,26.360001
10/26/2018,30.84,11.04,28.4083,26.030001
10/29/2018,30.799999,10.89,27.875,26.02
10/30/2018,31.624001,11.31,28.9583,26.780001
10/31/2018,31.84,11.24,28.5833,26.48
11/1/2018,32.127998,11.4,30.2167,27.15
11/5/2018,32.832001,11.5,30.85,28.15
11/6/2018,32.799999,11.55,30.516701,27.9
11/7/2018,32.952,11.6,29.924999,27.549999
11/8/2018,32.104,11.3,29.299999,26.73
11/9/2018,32.768002,11.55,29.733299,26.610001
11/12/2018,33.119999,11.44,29.7083,26.469999
11/13/2018,32.088001,11.36,29.174999,26.43
11/14/2018,32.743999,11.55,29.5833,26.92
11/16/2018,33.408001,11.99,31.016701,27.43
11/19/2018,33.52,12.07,30.883301,26.639999
11/21/2018,32.743999,11.85,30.5417,27.120001
11/22/2018,32.919998,11.84,30.6667,26.83
11/23/2018,32.863998,11.86,30.6,27.200001
11/26/2018,33.279999,11.64,30.1583,27
11/27/2018,34.84,12.09,31.391701,27.780001
11/28/2018,35.200001,12.37,32.033298,28.709999
11/29/2018,35.080002,12.49,32.4333,28.48
11/30/2018,34.408001,12.34,32.049999,28.32
12/3/2018,34.639999,12.23,31.5,27.940001
12/4/2018,34.799999,12.05,31.4,27.5
12/5/2018,35.256001,12.05,31.383301,27.799999
12/6/2018,35.416,12.36,31.725,28.5
12/7/2018,35.624001,12.12,31.575001,28.690001
12/10/2018,35.240002,11.75,30.9667,28.4
12/11/2018,34.976002,11.79,31.325001,28.459999
12/12/2018,34.32,11.91,31.5333,27.16
12/13/2018,34.25,12.1,32.366699,27.290001
12/14/2018,34.369999,12.18,32,27.15
12/17/2018,33.900002,11.85,31.375,26.75
12/18/2018,33.720001,11.9,31.9583,27
12/19/2018,32.970001,11.89,31.5,26.5
12/20/2018,33.5,11.88,31.6667,26.26
12/21/2018,32.950001,11.75,31.424999,26.9
12/26/2018,33.02,11.6,30.5,26.799999
12/27/2018,32.880001,11.8,31.2083,27.190001
12/28/2018,33.02,12.08,32.208302,27.59
1/2/2019,34.139999,12.65,33.658298,28.32
1/3/2019,35.259998,12.76,33.983299,28.629999
1/4/2019,35.52,12.72,33.716702,28.35
1/7/2019,35.299999,12.71,34.116699,27.93
1/8/2019,35.700001,12.88,34.325001,27.52
1/9/2019,36.650002,13.05,34.916698,26.65
1/10/2019,36.220001,12.96,34.8083,27.4
1/11/2019,36.82,12.8,34.583302,27.75
1/14/2019,37.310001,12.99,34.991699,28
1/15/2019,37.16,12.91,34.924999,28.129999
1/16/2019,37,12.92,35.091702,28.4
1/17/2019,37.560001,12.94,35.208302,29.030001
1/18/2019,38.490002,12.93,35.5667,29.639999
1/21/2019,38.669998,12.88,35.158298,29.1
1/22/2019,38.939999,12.82,35,29.15
1/23/2019,41.049999,12.99,35.599998,29.65
1/24/2019,42,13.2,35.958302,29.99
1/28/2019,43.599998,13.49,36.25,30.059999
1/29/2019,42.599998,13.27,35.783298,30.049999
1/30/2019,42.459999,13.42,35.700001,30.66
1/31/2019,41.849998,13.5,37.716702,31.059999
2/1/2019,42.66,13.54,37.25,31.4
2/4/2019,43.830002,13.8,38.0583,31.620001
2/5/2019,43.799999,13.37,38.075001,31.5
2/6/2019,41.799999,12.8,36.283298,30.120001
2/7/2019,42.400002,12.82,36.833302,30.219999
2/8/2019,43.41,13.23,37.224998,30.24
2/11/2019,43.369999,13.14,37.008301,29.549999
2/12/2019,43.720001,13.36,37.75,28.92
2/13/2019,43.02,13.07,37.166698,28.389999
2/14/2019,43.59,13.4,38.583302,28.66
2/15/2019,43.18,13.23,38.333302,27.68
2/18/2019,42.639999,12.96,37.458302,27.65
2/19/2019,44.5,13.23,37.775002,28
2/20/2019,42,13.2,37.150002,27.389999
2/21/2019,41.959999,13.56,37.474998,27.139999
2/22/2019,41.849998,12.9,37.166698,27.4
2/25/2019,42.110001,12.81,36.791698,27.620001
2/26/2019,41.48,12.82,37.450001,27.469999
2/27/2019,42.099998,12.64,37.033298,27.780001
2/28/2019,41.16,12.37,36.0583,27.299999
3/1/2019,40.360001,12.26,35.458302,26.860001
3/6/2019,null,null,null,null
3/7/2019,39.490002,12.29,35.424999,26.49
3/8/2019,40.169998,12.51,35.916698,26.6
3/11/2019,40.220001,12.86,37.375,27.719999
3/12/2019,41.139999,12.9,37.483299,27.799999
3/13/2019,42.41,12.98,37.841702,28.1
3/14/2019,42.919998,12.77,37.924999,27.52
3/15/2019,43.200001,12.8,38.083302,28.1
3/18/2019,43.290001,12.89,38.283298,27.870001
3/19/2019,43.200001,12.69,37.458302,27.790001
3/20/2019,42.509998,12.47,36.4417,27.35
3/21/2019,41.75,12.28,35.641701,26.9
3/22/2019,40.900002,11.93,34.383301,26.219999
3/25/2019,41.439999,11.96,34.458302,26.459999
3/26/2019,42.09,12.03,34.6833,26.24
3/27/2019,41.189999,11.43,33.483299,25.959999
3/28/2019,42.66,12.05,35.1833,26.299999
3/29/2019,42.709999,11.98,35.783298,26.52
4/1/2019,43.330002,11.98,36.07,26.379999
4/2/2019,42.5,11.87,35.59,27.25
4/3/2019,43.34,11.75,35.189999,27.790001
4/4/2019,43.84,11.8,36.099998,28
4/5/2019,44.009998,12.07,36.400002,28.309999
4/8/2019,44.299999,12.06,36.450001,28.25
4/9/2019,42.880001,11.88,36.310001,27.700001
4/10/2019,42.759998,11.82,35.790001,27.58
4/11/2019,42,11.67,35.220001,27.309999
4/12/2019,42.009998,11.55,34.900002,27.4
4/15/2019,42.32,11.53,34.82,27.280001
4/16/2019,42.830002,11.63,34.759998,27.620001
4/17/2019,42.310001,11.47,34.279999,27.84
4/18/2019,42.369999,11.59,34.75,27.299999
4/22/2019,42.849998,11.55,35.040001,27.59
4/23/2019,43.400002,11.85,35.889999,27.620001
4/24/2019,43.189999,11.85,35.650002,27.799999
4/25/2019,43.849998,12.04,36.07,28.530001
4/26/2019,44.279999,12.02,35.959999,28.290001
4/29/2019,44.619999,11.8,35.490002,28.6
4/30/2019,44.490002,11.91,35.580002,28.26
5/2/2019,43.400002,11.95,35.599998,28.42
5/3/2019,42.57,11.77,35.959999,28.030001
5/6/2019,42.66,11.44,34.990002,28.52
5/7/2019,42.200001,11.44,34.77,27.58
5/8/2019,42.150002,11.54,35.490002,27.43
5/9/2019,42.349998,11.49,34.869999,27.620001
5/10/2019,42.57,11.45,34.560001,28.1
5/13/2019,42.34,11.25,33.700001,28
5/14/2019,41.799999,11.27,33.599998,28.6
5/15/2019,42,11.25,33.240002,28.25
5/16/2019,41.560001,11.08,32.849998,28.379999
5/17/2019,40.25,11.08,33.099998,27.82
5/20/2019,41.900002,11.44,34,28.35
5/21/2019,42.279999,11.79,35.400002,28.34
5/22/2019,42.150002,11.72,34.77,28.299999
5/23/2019,41.619999,11.68,34.599998,28.709999
5/24/2019,41.759998,11.55,34.259998,28.6
5/27/2019,41.919998,11.58,34.75,29.290001
5/28/2019,42.57,11.87,35.709999,29.73
5/29/2019,43,12.16,36.419998,29.389999
5/30/2019,44.209999,12.33,37.09,29.59
5/31/2019,46.32,12.39,37,29.84
6/3/2019,47.110001,12.42,36.880001,30.299999
6/4/2019,46.509998,12.45,37.049999,30.559999
6/5/2019,46.639999,12.15,36.48,30.790001
6/6/2019,46.080002,12.29,37.279999,31.25
6/7/2019,46.200001,12.4,37.290001,30.99
6/10/2019,45.09,12.21,36.849998,30.780001
6/11/2019,44.950001,12.24,37.02,31.15
6/12/2019,44,12.18,36.59,31.08
6/13/2019,44.389999,12.02,36.189999,30.98
6/14/2019,43.610001,11.98,36.130001,30.879999
6/17/2019,43.060001,11.97,36.040001,30.9
6/18/2019,43.68,12.2,36.349998,32.049999
6/19/2019,43.360001,12.38,36.799999,31.73
6/21/2019,43.189999,12.6,37.630001,32.200001
6/24/2019,42.939999,12.65,37.93,32.110001
6/25/2019,42.43,12.58,37.610001,31.75
6/26/2019,42.490002,12.98,38.080002,32.470001
6/27/2019,42.689999,12.94,37.900002,32.43
6/28/2019,43.470001,12.89,37.740002,32.380001
7/1/2019,43.5,12.92,37.630001,32.799999
7/2/2019,43.709999,12.78,37.73,32.599998
7/3/2019,44.060001,12.97,38.400002,32.77
7/4/2019,44.34,13.15,39.07,33.09
7/5/2019,44.549999,13.27,39.41,33.849998
7/8/2019,45.169998,13.28,39.23,33.509998
7/10/2019,46.16,13.34,39.049999,33.740002
7/11/2019,46.029999,13.2,38.720001,33.169998
7/12/2019,46.5,13,38,33.419998
7/15/2019,45.990002,12.95,37.84,33.369999
7/16/2019,46.400002,12.89,37.849998,33.389999
7/17/2019,46.700001,12.93,37.650002,33.810001
7/18/2019,46.740002,13.21,38.470001,33.599998
7/19/2019,46.900002,13.05,37.599998,32.700001
7/22/2019,47.049999,13.25,38.119999,33.119999
7/23/2019,46.599998,13.32,38.25,32.869999
7/24/2019,46.950001,13.3,38.970001,32.529999
7/25/2019,46.73,12.9,36.700001,32.490002
7/26/2019,47.810001,13.01,36.23,32.599998
7/29/2019,48.529999,12.99,36.150002,32.610001
7/30/2019,48.849998,12.78,35.400002,32.52
7/31/2019,48.27,12.47,34.5,32.450001
8/1/2019,48.099998,12.55,34.200001,32.18
8/2/2019,48.330002,12.46,34.279999,32.400002
8/5/2019,47.400002,12.26,33.66,31.59
8/6/2019,48.5,12.66,34.169998,32.360001
8/7/2019,47.400002,12.99,34.889999,33.02
8/8/2019,47.5,13.12,35.060001,34.439999
8/9/2019,47.860001,13.06,34.48,35.450001
8/12/2019,47.200001,12.6,33.759998,33.700001
8/13/2019,47.900002,12.92,34.099998,34.07
8/14/2019,46.169998,12.75,33.43,33.34
8/15/2019,45.349998,12.8,33.200001,33.099998
8/16/2019,45.150002,12.51,33.27,33.240002
8/19/2019,45.150002,12.29,32.790001,33.150002
8/20/2019,44.310001,12.1,32.470001,33.080002
8/21/2019,44.57,12.25,33.110001,33.290001
8/22/2019,44.009998,12.05,32.68,32.599998
8/23/2019,43.73,11.88,31.969999,32.189999
8/26/2019,43.029999,11.83,31.639999,31.879999
8/27/2019,42.970001,12.02,32.040001,32.099998
8/28/2019,43.450001,12.2,31.85,32.509998
8/29/2019,44.02,12.26,32.450001,32.880001
8/30/2019,44.98,12.29,32.950001,32.669998
9/2/2019,44.25,12.14,32.610001,32.650002
9/3/2019,43.939999,11.95,32.060001,32.220001
9/4/2019,44.220001,12.14,32.459999,32.619999
9/5/2019,44.689999,12.58,33.209999,32.82
9/6/2019,44,12.95,34.599998,32.73
9/9/2019,43.75,13.11,35.040001,32.43
9/10/2019,43.610001,12.98,34.419998,32.720001
9/11/2019,44.369999,12.94,34.27,33.490002
9/12/2019,44.669998,13.11,33.900002,33.889999
9/13/2019,44.02,13.16,33.459999,33.639999
9/16/2019,44.419998,13.12,33.02,33.43
9/17/2019,43.900002,13.18,33.900002,33.720001
9/18/2019,43.970001,13.2,34,33.950001
9/19/2019,45.169998,13.08,33.59,34.369999
9/20/2019,44.889999,13.24,34.18,34.650002
9/23/2019,44.66,13.1,34.25,34.529999
9/24/2019,44.709999,13.06,33.810001,34.48
9/25/2019,44.009998,13.14,34.029999,34.779999
9/26/2019,43.900002,13.42,34.52,35.5
9/27/2019,43.950001,13.39,34.5,35.66
9/30/2019,44.389999,13.18,33.919998,35.029999
10/1/2019,44.439999,12.95,33.459999,34.41
10/2/2019,43.610001,12.65,32.150002,33.599998
10/3/2019,43.970001,12.5,32.240002,33.43
10/4/2019,44.009998,12.51,32.57,33.48
10/7/2019,42.93,12.18,32.360001,32.5
10/8/2019,42.669998,12.14,32.330002,32.240002
10/9/2019,42.48,12.33,33.25,32.799999
10/10/2019,42.200001,12.43,33.630001,33.049999
10/11/2019,43.110001,12.7,34.009998,34.259998
10/14/2019,43.82,12.91,34.490002,34.259998
10/15/2019,43.220001,12.93,34.77,34.41
10/16/2019,43.310001,13.17,35.599998,34.889999
10/17/2019,43.57,13.15,35,35.07
10/18/2019,43.759998,13.07,33.790001,34.459999
10/21/2019,44.139999,13.26,34.029999,34.799999
10/22/2019,43.950001,13.56,35,35.349998
10/23/2019,43.740002,13.66,35.299999,35.540001
10/24/2019,43.810001,13.65,35.259998,35.650002
10/25/2019,43.529999,13.79,35.720001,35.189999
10/28/2019,44.220001,13.91,37.009998,34.779999
10/29/2019,44.689999,13.78,36.5,34.18
10/30/2019,45.310001,13.95,36.669998,34
10/31/2019,45.259998,13.71,35.169998,33.970001
11/1/2019,45.98,13.76,34.869999,34.32
11/4/2019,46.009998,13.9,34.889999,33.619999
11/5/2019,45.970001,14.07,35.360001,34.450001
11/6/2019,46.02,13.96,35.169998,35.369999
11/7/2019,46.25,13.94,35.259998,35.459999
11/8/2019,45.200001,13.76,34.240002,34.689999
11/11/2019,45.07,13.89,34.16,34.580002
11/12/2019,44.57,13.73,33.84,34.16
11/13/2019,44.43,13.5,33.490002,34.209999
11/14/2019,44.32,13.63,33.349998,34.400002
11/18/2019,44.75,13.6,33.130001,33.900002
11/19/2019,44.700001,13.42,33.07,34.029999
11/21/2019,44.720001,13.51,33.259998,35.150002
11/22/2019,45.360001,13.71,33.810001,35.200001
11/25/2019,45.349998,13.38,33.639999,34.610001
11/26/2019,44.84,13.06,32.919998,33.889999
11/27/2019,45.459999,13.22,33.470001,33.950001
11/28/2019,46.360001,13.25,33.209999,34.470001
11/29/2019,46.77,13.27,33.369999,34.450001
12/2/2019,46.849998,13.36,33.59,34.52
12/3/2019,45.98,13.33,33.689999,35.860001
12/4/2019,46.93,13.65,34.560001,36.110001
12/5/2019,47.639999,13.59,34.700001,36.700001
12/6/2019,47.650002,13.46,34.310001,36.720001
12/9/2019,47.5,13.68,34.599998,36.619999
12/10/2019,47.27,13.66,34.48,36.189999
12/11/2019,47.75,13.62,34.279999,36.349998
12/12/2019,47.830002,13.6,34.740002,36.5
12/13/2019,47.990002,13.7,34.799999,37.349998
12/16/2019,47.509998,13.57,34.189999,36.82
12/17/2019,47.299999,13.83,34.82,37.549999
12/18/2019,49.68,13.97,35.790001,38.029999
12/19/2019,48.75,13.98,36.450001,38.299999
12/20/2019,48.52,13.85,35.689999,37.740002
12/23/2019,49.849998,13.95,35.91,37.950001
12/26/2019,51.119999,14.19,36.360001,37.759998
12/27/2019,50.810001,14.13,36.220001,37.84
12/30/2019,50.799999,14.09,36.169998,37.700001
1/2/2020,52,14.35,37.509998,37.970001
